{
  "step": 40,
  "best_val_loss": 5.54375,
  "training_losses": [
    15.375,
    10.3359375,
    9.8671875,
    15.015625,
    11.90625,
    11.546875,
    11.5703125,
    13.03125,
    NaN,
    8.9921875,
    10.3515625,
    9.921875,
    9.4140625,
    12.625,
    NaN,
    9.171875,
    8.875,
    9.109375,
    8.078125,
    7.47265625,
    NaN,
    7.97265625,
    7.578125,
    10.125,
    7.109375,
    5.87890625,
    6.03125,
    8.203125,
    6.4296875,
    5.8359375,
    7.8046875,
    9.8046875,
    6.22265625,
    6.4453125,
    7.74609375,
    5.30859375,
    5.8828125,
    5.1328125,
    5.234375,
    4.62109375
  ],
  "validation_losses": [
    NaN,
    5.54375
  ],
  "config": {
    "model_name": "Qwen/Qwen2.5-1.5B-Instruct",
    "teacher_model": "deepseek-r1-distill-llama-70b",
    "learning_rate": 0.0002,
    "batch_size": 1,
    "max_steps": 200,
    "eval_every": 20,
    "save_every": 40,
    "max_length": 1024,
    "lora_r": 8,
    "lora_alpha": 16,
    "lora_dropout": 0.1,
    "distillation_weight": 0.7,
    "agentic_pattern_weight": 0.2,
    "reasoning_weight": 0.1,
    "temperature": 3.0,
    "train_data": "data/training_data/agentic_train.jsonl",
    "val_data": "data/training_data/agentic_val.jsonl",
    "checkpoint_dir": "checkpoints/pytorch_training",
    "logs_dir": "logs/pytorch_training",
    "plots_dir": "plots/training"
  }
}